{
  "C": [
      [
        22.9492807,
        40.5984437
      ],
      [
        22.9298401,
        40.579672
      ],
      [
        22.963872,
        40.558841
      ],
      [
        22.979579,
        40.570056
      ],
      [
        22.9696655,
        40.5850173
      ],
      [
        22.9643011,
        40.5924152
      ],
      [
        22.9640007,
        40.6020931
      ],
      [
        22.9492807,
        40.5984437
      ]
    ],
  "B": [
    [
        22.9643869,
        40.6231713
      ],
      [
        22.9653955,
        40.6084792
      ],
      [
        22.9662323,
        40.5974661
      ],
      [
        22.9682922,
        40.592513
      ],
      [
        22.9995775,
        40.6043414
      ],
      [
        23.0003929,
        40.6126167
      ],
      [
        22.9898357,
        40.6152881
      ],
      [
        22.9838705,
        40.6205002
      ],
      [
        22.9793215,
        40.6252559
      ],
      [
        22.9715967,
        40.6257119
      ],
      [
        22.9643869,
        40.6231713
      ]
  ],
  "A": [
      [
        22.9330802,
        40.6430703
      ],
      [
        22.9336166,
        40.6319654
      ],
      [
        22.9342604,
        40.6311186
      ],
      [
        22.9361486,
        40.6319003
      ],
      [
        22.9425859,
        40.6276011
      ],
      [
        22.9478216,
        40.6245719
      ],
      [
        22.9600239,
        40.624485
      ],
      [
        22.9605639,
        40.6427557
      ],
      [
        22.9330802,
        40.6430703
      ]
  ]
}